"gene_id","baseMean_T48h","baseMean_T24h","baseMean","log2FoldChange","lfcSE","stat","pvalue","padj"
"Mper.PacBio.PsGc_3.g1953",335.053302030691,200.397789882271,283.727995953156,0.740439007720033,0.173264967982746,4.27344902054157,1.92472306115108e-05,0.00472519511512589
"Mper.PacBio.PsGc_5.g874",532.976960472082,354.872559076277,468.358970540857,0.58598858413893,0.159937450210965,3.66386098669189,0.000248441657775618,0.0263288676455985
"Mper.PacBio.PsGc_3.g1128",4387.36770414322,2975.24475992576,3729.80841334574,0.559844786554584,0.134733445220612,4.15520278307956,3.24999170059603e-05,0.0063829836999706
"Mper.PacBio.PsGc_2.g1124",4348.80340034474,2950.89379786124,3831.39400667262,0.558910274616189,0.138462223251506,4.03655424195358,5.42419892266455e-05,0.00887760557009431
