"gene_id","baseMean_T5d","baseMean_T48h","baseMean","log2FoldChange","lfcSE","stat","pvalue","padj"
"Mper.PacBio.PsGc_2.g1559",8.56574573410961,0.331508472714028,4.70180260432153,4.12464304897066,1.03425793869469,3.98802164784568,6.66265852239636e-05,0.0103854189717853
