"gene_id","baseMean_T10d","baseMean_T5d","baseMean","log2FoldChange","lfcSE","stat","pvalue","padj"
"Mper.PacBio.PsGc_1.g1184",9.47961730167149,1.91161304246121,4.9404621485365,2.31801345000931,0.791607613390952,2.92823541714032,0.00340891827964846,0.0486545609004372
"Mper.PacBio.PsGc_5.g1298",95.617391365182,30.8463532345488,52.6302435688021,1.62863343336053,0.439274690882374,3.7075512593022,0.000209273065844107,0.00821396783438119
"Mper.PacBio.PsGc_1.g1729",346.13996666461,115.278078592185,177.155775199544,1.58611355750388,0.510090204459037,3.10947660558586,0.0018741912589201,0.0367810034563071
"Mper.PacBio.PsGc_10.g750",70.2583404967049,35.2561519659249,54.4502717819399,0.985642188670005,0.28078646232885,3.5102909894411,0.00044761655438102,0.014055159807564
"Mper.PacBio.PsGc_0.g755",35.4420249626323,18.4684771100922,27.9002826386681,0.947069948083024,0.323334876696494,2.92906833237175,0.00339979672880165,0.0486545609004372
"Mper.PacBio.PsGc_4.g610",229.511797121675,139.798439040445,160.333213053092,0.711869673444061,0.209122311082309,3.40408285352142,0.000663866134667805,0.0173711638571409
