"gene_id","baseMean_T10d","baseMean_T5d","baseMean","log2FoldChange","lfcSE","stat","pvalue","padj"
"Mper.PacBio.PsGc_9.g184",0.151567537407077,3.51861391748541,16.6706212285631,-4.24582756158207,1.31435832386192,-3.23034250592086,0.00123642002967666,0.0277311349513195
"Mper.PacBio.PsGc_9.g1252",0.151567537407077,3.25079966391633,10.5224544942618,-4.14188232813919,1.35127708552136,-3.06516137402058,0.00217552578707949,0.0379508387301644
"Mper.PacBio.PsGc_5.g874",229.954803699443,558.883761033164,377.678584262555,-1.28136448500642,0.208722253889857,-6.13908896213146,8.29960806406747e-10,4.49029276173634e-08
"Mper.PacBio.PsGc_2.g1124",1899.12004708536,4306.30576032081,2913.82258080209,-1.1810719748411,0.167824927415933,-7.03752412127646,1.95685669023302e-12,3.07226500366584e-10
"Mper.PacBio.PsGc_3.g1128",2006.0219250966,3950.46630771669,2776.69337753803,-0.977634584506016,0.159384690513378,-6.13380483004393,8.58017725172548e-10,4.49029276173634e-08
