"gene_id","baseMean_T5d","baseMean_T48h","baseMean","log2FoldChange","lfcSE","stat","pvalue","padj"
"Mper.PacBio.PsGc_2.g1124",4306.30576032081,2866.91129199277,2913.82258080209,0.587091908355856,0.168295868945326,3.48845109529446,0.000485827685592653,0.0262346950220032
