"gene_id","baseMean_T30d","baseMean_T10d","baseMean","log2FoldChange","lfcSE","stat","pvalue","padj"
"Mper.PacBio.PsGc_3.g1528",0.47125763175862,10.0995875118533,5.53692557230834,-4.55925629889749,0.979465250741102,-4.65484231875279,3.24228740654479e-06,0.000522008272453711
"Mper.PacBio.PsGc_3.g1016",3.18740927507937,14.8160698306338,12.2052505188713,-2.20257035844045,0.556077710350508,-3.96090387628038,7.46665877985123e-05,0.00601066031778024
"Mper.PacBio.PsGc_7.g620",86.1674817287641,154.318734120587,183.189835681103,-0.842736752156951,0.271271188265919,-3.10662093362765,0.00189238887260101,0.0304674608488762
"Mper.PacBio.PsGc_3.g995",820.826579736588,1343.36402065119,1139.93717650462,-0.710808754860437,0.204594570351848,-3.47423078548975,0.000512320179772912,0.012689776760529
