"gene_id","baseMean_T20d","baseMean_T10d","baseMean","log2FoldChange","lfcSE","stat","pvalue","padj"
"Mper.PacBio.PsGc_1.g2234",20.7781124680017,1.02872359012457,5.87065804814143,4.35488159863687,1.06699931071126,4.08142868970918,4.47597110921987e-05,0.00212608627687944
"Mper.PacBio.PsGc_9.g1337",439.378411007127,224.231975751395,305.41228149804,0.969387442962997,0.203678930212474,4.7593898983648,1.94179013245464e-06,0.000214662183747514
"Mper.PacBio.PsGc_0.g1121",37.1708583825561,21.5330140179065,23.6685191962463,0.785217541632527,0.26378054345265,2.97678339484306,0.00291289729463693,0.0481395791898863
"Mper.PacBio.PsGc_3.g1357",108.952266893839,64.6080211664724,80.836154283965,0.751650605317238,0.220818207110078,3.40393401048917,0.000664227980958141,0.0180290451974352
