"gene_id","baseMean_T20d","baseMean_T10d","baseMean","log2FoldChange","lfcSE","stat","pvalue","padj"
"Mper.PacBio.PsGc_1.g1184",2.46679511015876,11.7940718673461,7.58301640968667,-2.24931390330093,0.63901715293699,-3.51995856912893,0.000431614213291533,0.0136677834208985
"Mper.PacBio.PsGc_3.g660",3.45882795697442,10.9951050393627,6.66434935986667,-1.63830482841858,0.526296279758798,-3.1128945641976,0.00185262189965364,0.0429854345070464
"Mper.PacBio.PsGc_1.g1729",248.015796608272,587.065920760771,525.477794443924,-1.2425423687992,0.262766077134251,-4.728701597826,2.25960193418435e-06,0.000214662183747514
"Mper.PacBio.PsGc_5.g1298",67.9457221236898,154.431424684117,156.438778728766,-1.18204699666384,0.265780099751253,-4.44746238627396,8.68906678703024e-06,0.000550307563178582
"Mper.PacBio.PsGc_1.g421",143.45849019042,298.622509108938,274.146521286571,-1.05570755306156,0.272635529317309,-3.87223028379718,0.000107843986341842,0.00409807148099001
"Mper.PacBio.PsGc_0.g755",35.2766285688528,59.7208790850618,54.9506574118639,-0.757197583249543,0.246932148055704,-3.0664196185534,0.00216639048444478,0.0429854345070464
